{
  "model_type": "RF_Quint\u00e9",
  "db_type": "2years",
  "created_at": "2025-10-13T22:45:27.095285",
  "is_quinte": true,
  "training_results": {
    "model_type": "RandomForest_Quint\u00e9",
    "train_samples": 22393,
    "test_samples": 5599,
    "features": 90,
    "train_mae": 0.709092574691422,
    "test_mae": 2.9961776225750456,
    "train_rmse": 0.8969642063813229,
    "test_rmse": 3.7154520577823065,
    "test_r2": 0.19969839751769725,
    "feature_importance": [
      0.010978213302764479,
      0.006499403018517999,
      0.007604376345044756,
      0.012055120581995097,
      0.019377351368327956,
      0.0008079533406256227,
      0.0006453265636460667,
      0.015029775290962711,
      0.015014970653022926,
      0.0006283775243248075,
      0.00248756275819666,
      0.0013282615971528593,
      0.00707847631241524,
      0.0011799660646721266,
      0.0007486489198468379,
      0.0007380281161019935,
      0.000943090002126842,
      0.0,
      0.0,
      0.0,
      0.01874924863668308,
      0.0,
      0.01561531635563947,
      0.01247838343554571,
      0.01702403680725297,
      0.03314796077029315,
      0.011834151366761558,
      0.00921226555773475,
      0.006377555542767805,
      0.0072378744747002705,
      0.01593079809733008,
      0.012563584677681027,
      0.017107452178344834,
      0.012041915090862413,
      0.0,
      0.006484682609735162,
      0.00707906047216884,
      0.0,
      0.0,
      0.0,
      0.0,
      0.0,
      0.0,
      0.0,
      0.0,
      0.014286135807621269,
      0.01306104525117844,
      0.0175593837005555,
      0.034028955532267764,
      0.01338924104193083,
      0.00746580208919952,
      0.0018611018716903065,
      0.030519533260515434,
      0.014400691789316852,
      0.012954007938669281,
      0.01783790334318044,
      0.013219105824270416,
      0.0,
      0.0017865174065836815,
      0.03374232885647977,
      0.0,
      0.0,
      0.0,
      0.0,
      0.0,
      0.0,
      0.0,
      0.0,
      0.006850808462409373,
      0.01802819199251668,
      0.019852187981334153,
      0.20283495970892845,
      0.01933036802267581,
      0.011952865577767521,
      0.012223953583615818,
      0.009471057491081368,
      0.0,
      0.020057492913252036,
      0.0,
      0.009546844712908764,
      0.010401300080961191,
      0.025520013730561623,
      0.022933303045798648,
      0.0,
      0.0,
      0.0,
      0.010296386305883705,
      0.020155128258906745,
      0.029556373676370446,
      0.01884782290832215
    ],
    "feature_names": [
      "quinte_career_starts",
      "quinte_win_rate",
      "quinte_top5_rate",
      "avg_quinte_position",
      "days_since_last_quinte",
      "quinte_handicap_specialist",
      "quinte_conditions_specialist",
      "quinte_large_field_ability",
      "quinte_track_condition_fit",
      "is_handicap_quinte",
      "handicap_division",
      "purse_level_category",
      "field_size_category",
      "track_condition_PH",
      "track_condition_DUR",
      "track_condition_PS",
      "track_condition_PSF",
      "weather_clear",
      "weather_rain",
      "weather_cloudy",
      "post_position_bias",
      "post_position_track_bias",
      "che_global_avg_pos",
      "che_global_recent_perf",
      "che_global_consistency",
      "che_global_trend",
      "che_global_pct_top3",
      "che_global_nb_courses",
      "che_global_total_races",
      "che_global_dnf_rate",
      "che_weighted_avg_pos",
      "che_weighted_recent_perf",
      "che_weighted_consistency",
      "che_weighted_pct_top3",
      "che_weighted_nb_courses",
      "che_weighted_total_races",
      "che_weighted_dnf_rate",
      "che_weighted_trend",
      "che_bytype_avg_pos",
      "che_bytype_recent_perf",
      "che_bytype_consistency",
      "che_bytype_trend",
      "che_bytype_pct_top3",
      "che_bytype_nb_courses",
      "che_bytype_dnf_rate",
      "joc_global_avg_pos",
      "joc_global_recent_perf",
      "joc_global_consistency",
      "joc_global_trend",
      "joc_global_pct_top3",
      "joc_global_nb_courses",
      "joc_global_total_races",
      "joc_global_dnf_rate",
      "joc_weighted_avg_pos",
      "joc_weighted_recent_perf",
      "joc_weighted_consistency",
      "joc_weighted_pct_top3",
      "joc_weighted_nb_courses",
      "joc_weighted_total_races",
      "joc_weighted_dnf_rate",
      "joc_weighted_trend",
      "joc_bytype_avg_pos",
      "joc_bytype_recent_perf",
      "joc_bytype_consistency",
      "joc_bytype_trend",
      "joc_bytype_pct_top3",
      "joc_bytype_nb_courses",
      "joc_bytype_dnf_rate",
      "age",
      "dist",
      "temperature",
      "cotedirect",
      "forceVent",
      "victoirescheval",
      "placescheval",
      "coursescheval",
      "ratio_victoires",
      "ratio_places",
      "gains_par_course",
      "pourcVictChevalHippo",
      "pourcPlaceChevalHippo",
      "pourcVictJockHippo",
      "pourcPlaceJockHippo",
      "efficacite_couple",
      "regularite_couple",
      "progression_couple",
      "perf_cheval_hippo",
      "perf_jockey_hippo",
      "recence",
      "numero"
    ]
  }
}