{
  "model_type": "TabNet_Quint\u00e9",
  "db_type": "2years",
  "created_at": "2025-11-10T13:25:00.955969",
  "is_quinte": true,
  "training_results": {
    "status": "success",
    "model_type": "TabNet_Quint\u00e9_Selected",
    "train_samples": 22549,
    "test_samples": 5638,
    "original_features": 92,
    "selected_features": 45,
    "features": 45,
    "train_mae": 3.034734362130937,
    "test_mae": 3.0195388163857193,
    "train_rmse": 3.6711872122900373,
    "test_rmse": 3.6675498182836836,
    "test_r2": 0.21617705594160885,
    "feature_importance": [
      0.2525154491486503,
      0.015274577418740597,
      0.00027349436582967487,
      0.027416879105575474,
      0.0006775573786272866,
      0.005042120761796319,
      0.01011906663318077,
      0.008048927212665058,
      0.0045409813028627205,
      0.0034724141378208472,
      0.012203375883788083,
      0.005476441633183934,
      0.002511335844015815,
      0.005587763006208638,
      0.09127639086104271,
      0.00010782910996886873,
      0.005352920975802764,
      0.013235886174988097,
      0.017274365556704335,
      0.0028198036470563795,
      0.0035765361260701187,
      0.015231376640574936,
      0.057583383956409315,
      0.06051238779606266,
      0.0030098617147066966,
      0.030419305413449643,
      0.013166474081211422,
      7.471761860905956e-05,
      0.0617746212305783,
      0.04812984921640992,
      0.0010346220924923476,
      0.04523460700022307,
      0.014394906554121406,
      0.001741760167571475,
      0.030333727607508073,
      0.02928652120843095,
      0.039508590555131194,
      0.026020384538474342,
      0.0033939185513960257,
      0.001152124344779747,
      0.011078705623465537,
      0.00010608208465241276,
      0.009552807547758687,
      0.0014594380846059346,
      0.00899571008679805
    ],
    "feature_names": [
      "cotedirect_log",
      "che_bytype_dnf_rate",
      "joc_global_nb_courses",
      "joc_bytype_total_races",
      "che_global_recent_perf",
      "che_global_avg_pos",
      "pourcVictChevalHippo",
      "joc_bytype_dnf_rate",
      "quinte_top5_rate",
      "che_weighted_dnf_rate",
      "avg_quinte_position",
      "pourcPlaceChevalHippo",
      "joc_bytype_recent_perf",
      "che_weighted_recent_perf",
      "che_bytype_total_races",
      "che_bytype_recent_perf",
      "quinte_track_condition_fit",
      "pourcVictJockHippo",
      "quinte_career_starts",
      "che_bytype_avg_pos",
      "temperature",
      "dist",
      "track_condition_PH",
      "che_bytype_pct_top3",
      "numero",
      "che_global_trend",
      "joc_bytype_avg_pos",
      "che_global_consistency",
      "age",
      "che_bytype_trend",
      "is_handicap_quinte",
      "handicap_division",
      "field_size_category",
      "che_weighted_consistency",
      "recence_log",
      "coursescheval",
      "joc_bytype_consistency",
      "days_since_last_quinte",
      "quinte_large_field_ability",
      "purse_level_category",
      "track_condition_DUR",
      "post_position_bias",
      "che_global_pct_top3",
      "che_bytype_consistency",
      "joc_global_consistency"
    ],
    "feature_selection": {
      "status": "fitted",
      "selected_count": 45,
      "selected_features": [
        "cotedirect_log",
        "che_bytype_dnf_rate",
        "joc_global_nb_courses",
        "joc_bytype_total_races",
        "che_global_recent_perf",
        "che_global_avg_pos",
        "pourcVictChevalHippo",
        "joc_bytype_dnf_rate",
        "quinte_top5_rate",
        "che_weighted_dnf_rate",
        "avg_quinte_position",
        "pourcPlaceChevalHippo",
        "joc_bytype_recent_perf",
        "che_weighted_recent_perf",
        "che_bytype_total_races",
        "che_bytype_recent_perf",
        "quinte_track_condition_fit",
        "pourcVictJockHippo",
        "quinte_career_starts",
        "che_bytype_avg_pos",
        "temperature",
        "dist",
        "track_condition_PH",
        "che_bytype_pct_top3",
        "numero",
        "che_global_trend",
        "joc_bytype_avg_pos",
        "che_global_consistency",
        "age",
        "che_bytype_trend",
        "is_handicap_quinte",
        "handicap_division",
        "field_size_category",
        "che_weighted_consistency",
        "recence_log",
        "coursescheval",
        "joc_bytype_consistency",
        "days_since_last_quinte",
        "quinte_large_field_ability",
        "purse_level_category",
        "track_condition_DUR",
        "post_position_bias",
        "che_global_pct_top3",
        "che_bytype_consistency",
        "joc_global_consistency"
      ],
      "removed_counts": {
        "constant": 12,
        "sparse": 5,
        "correlated": 22
      },
      "parameters": {
        "sparse_threshold": 0.7,
        "correlation_threshold": 0.95,
        "target_features": 45
      }
    }
  },
  "full_training_results": {
    "status": "success",
    "training_time": 1702.502874,
    "model_type": "quint\u00e9_specialized",
    "data_stats": {
      "total_races": 2100,
      "total_participants": 32504,
      "participants_with_results": 28187,
      "features": 45
    },
    "rf_results": {
      "model_type": "RandomForest_Quint\u00e9",
      "train_samples": 22549,
      "test_samples": 5638,
      "features": 92,
      "train_mae": 1.1148869129451418,
      "test_mae": 2.993565094004966,
      "train_rmse": 1.3602597130636125,
      "test_rmse": 3.6429278675306236,
      "test_r2": 0.22666605732123357,