{
  "model_type": "RF_Quint\u00e9",
  "db_type": "2years",
  "created_at": "2025-10-21T11:54:31.359172",
  "is_quinte": true,
  "training_results": {
    "model_type": "RandomForest_Quint\u00e9",
    "train_samples": 22549,
    "test_samples": 5638,
    "features": 90,
    "train_mae": 0.7059184878778352,
    "test_mae": 2.9818099546821726,
    "train_rmse": 0.8958579990985469,
    "test_rmse": 3.7198878101564836,
    "test_r2": 0.19364624564278377,
    "feature_importance": [
      0.013293291537121018,
      0.007321846990611013,
      0.009311630565897767,
      0.014968024700980518,
      0.02220612104117232,
      0.0010902860785745108,
      0.0009251584064007805,
      0.01767105593837186,
      0.0177877882287737,
      0.0019060300708658938,
      0.008539335348028549,
      0.001535031762650605,
      0.0009676208391776307,
      0.00109069407029102,
      0.0013079091221507976,
      0.022562042943543314,
      0.036960027108376196,
      0.028944301093985055,
      0.0386683144635387,
      0.03346375189498325,
      0.027539348944823606,
      0.016186507000948487,
      0.03257582663734007,
      0.030089039319223673,
      0.038940210558576015,
      0.030531949164407133,
      0.004278160557726569,
      0.0688714216189063,
      0.010202628704037242,
      0.021699718687684562,
      0.02359775394148395,
      0.023159402299506915,
      0.0,
      0.0,
      0.016743256394684894,
      0.0,
      0.0,
      0.011526155995732194,
      0.01302305638787506,
      0.03471644271225516,
      0.03650628554024715,
      0.012650073585385654,
      0.022229396239623205,
      0.035510748140928076,
      0.20890235536310964
    ],
    "feature_names": [
      "quinte_career_starts",
      "quinte_win_rate",
      "quinte_top5_rate",
      "avg_quinte_position",
      "days_since_last_quinte",
      "quinte_handicap_specialist",
      "quinte_conditions_specialist",
      "quinte_large_field_ability",
      "quinte_track_condition_fit",
      "is_handicap_quinte",
      "handicap_division",
      "purse_level_category",
      "field_size_category",
      "track_condition_PH",
      "track_condition_DUR",
      "track_condition_PS",
      "track_condition_PSF",
      "weather_clear",
      "weather_rain",
      "weather_cloudy",
      "post_position_bias",
      "post_position_track_bias",
      "che_global_avg_pos",
      "che_global_recent_perf",
      "che_global_consistency",
      "che_global_trend",
      "che_global_pct_top3",
      "che_global_nb_courses",
      "che_global_total_races",
      "che_global_dnf_rate",
      "che_weighted_avg_pos",
      "che_weighted_recent_perf",
      "che_weighted_consistency",
      "che_weighted_pct_top3",
      "che_weighted_nb_courses",
      "che_weighted_total_races",
      "che_weighted_dnf_rate",
      "che_weighted_trend",
      "che_bytype_avg_pos",
      "che_bytype_recent_perf",
      "che_bytype_consistency",
      "che_bytype_trend",
      "che_bytype_pct_top3",
      "che_bytype_nb_courses",
      "che_bytype_dnf_rate",
      "joc_global_avg_pos",
      "joc_global_recent_perf",
      "joc_global_consistency",
      "joc_global_trend",
      "joc_global_pct_top3",
      "joc_global_nb_courses",
      "joc_global_total_races",
      "joc_global_dnf_rate",
      "joc_weighted_avg_pos",
      "joc_weighted_recent_perf",
      "joc_weighted_consistency",
      "joc_weighted_pct_top3",
      "joc_weighted_nb_courses",
      "joc_weighted_total_races",
      "joc_weighted_dnf_rate",
      "joc_weighted_trend",
      "joc_bytype_avg_pos",
      "joc_bytype_recent_perf",
      "joc_bytype_consistency",
      "joc_bytype_trend",
      "joc_bytype_pct_top3",
      "joc_bytype_nb_courses",
      "joc_bytype_dnf_rate",
      "age",
      "dist",
      "temperature",
      "cotedirect",
      "forceVent",
      "victoirescheval",
      "placescheval",
      "coursescheval",
      "ratio_victoires",
      "ratio_places",
      "gains_par_course",
      "pourcVictChevalHippo",
      "pourcPlaceChevalHippo",
      "pourcVictJockHippo",
      "pourcPlaceJockHippo",
      "efficacite_couple",
      "regularite_couple",
      "progression_couple",
      "perf_cheval_hippo",
      "perf_jockey_hippo",
      "recence",
      "numero"
    ]
  }
}