{
    "sample_size": 12968,
    "overall_mae": 21.882596113836396,
    "overall_rmse": 29.589972835935505,
    "mean_error": 21.552308489182963,
    "position_analysis": {
        "1": {
            "count": 1303,
            "mean_error": 25.108085836204708,
            "mae": 25.108085836204708,
            "rmse": 31.999295828664234
        },
        "2": {
            "count": 1303,
            "mean_error": 23.578840412852802,
            "mae": 23.5793090905373,
            "rmse": 30.71894733757472
        },
        "3": {
            "count": 1303,
            "mean_error": 22.05826286097655,
            "mae": 22.067869751770036,
            "rmse": 29.41273784695313
        },
        "4": {
            "count": 1298,
            "mean_error": 22.38977447472711,
            "mae": 22.41863609805914,
            "rmse": 29.89565415188101
        },
        "5": {
            "count": 1276,
            "mean_error": 21.281161062434307,
            "mae": 21.37041077543994,
            "rmse": 28.990823651880362
        },
        "6": {
            "count": 1233,
            "mean_error": 21.996888303864406,
            "mae": 22.12469573475749,
            "rmse": 29.993843136504296
        },
        "7": {
            "count": 1169,
            "mean_error": 21.187414448030903,
            "mae": 21.36666777330933,
            "rmse": 29.412899061025925
        },
        "8": {
            "count": 1048,
            "mean_error": 19.406727477114224,
            "mae": 19.648914697399398,
            "rmse": 27.980379483896943
        },
        "9": {
            "count": 898,
            "mean_error": 19.60407802407465,
            "mae": 19.952734840918843,
            "rmse": 28.288754624284316
        },
        "10": {
            "count": 736,
            "mean_error": 20.551710362122584,
            "mae": 21.058736885018252,
            "rmse": 29.371010499872263
        },
        "11": {
            "count": 523,
            "mean_error": 18.707233777236702,
            "mae": 19.584844791492348,
            "rmse": 28.128377763368377
        },
        "12": {
            "count": 365,
            "mean_error": 19.09984349332307,
            "mae": 20.693334526518527,
            "rmse": 28.51519318941045
        },
        "13": {
            "count": 246,
            "mean_error": 17.39003022447518,
            "mae": 20.320692995577936,
            "rmse": 27.95451337699608
        },
        "14": {
            "count": 144,
            "mean_error": 21.627416277499492,
            "mae": 24.675574970429768,
            "rmse": 31.075163069345543
        },
        "15": {
            "count": 83,
            "mean_error": 15.789017482067715,
            "mae": 20.536040395974773,
            "rmse": 27.383796009268913
        },
        "16": {
            "count": 31,
            "mean_error": 15.284015379709388,
            "mae": 21.905714504553906,
            "rmse": 28.075298756593174
        },
        "17": {
            "count": 8,
            "mean_error": 20.35302324363343,
            "mae": 21.81763891251739,
            "rmse": 27.67830726234433
        },
        "18": {
            "count": 1,
            "mean_error": 38.90560344827586,
            "mae": 38.90560344827586,
            "rmse": 38.90560344827586
        }
    }
}