{
    "status": "success",
    "execution_time": 73.015459,
    "races_fetched": 8,
    "training_data_extracted": 72,
    "performance_analysis": {
        "sample_size": 72,
        "overall_mae": 2.638681269355519,
        "overall_rmse": 3.2466666937702455,
        "mean_error": -1.8908168519112654,
        "position_analysis": {
            "1": {
                "count": 8,
                "mean_error": 2.0995508789699056,
                "mae": 2.0995508789699056,
                "rmse": 2.105640199543404
            },
            "2": {
                "count": 8,
                "mean_error": 1.0367293233905062,
                "mae": 1.0748125177846108,
                "rmse": 1.3637196325170133
            },
            "3": {
                "count": 8,
                "mean_error": -0.1584718795145602,
                "mae": 0.3464451317762771,
                "rmse": 0.4579463618186616
            },
            "4": {
                "count": 8,
                "mean_error": -0.7482331671984725,
                "mae": 0.9803960728201115,
                "rmse": 1.0686807351840801
            },
            "5": {
                "count": 8,
                "mean_error": -1.995011426114047,
                "mae": 1.995011426114047,
                "rmse": 2.0443226431876735
            },
            "6": {
                "count": 8,
                "mean_error": -2.907142924207988,
                "mae": 2.907142924207988,
                "rmse": 2.916616811392308
            },
            "7": {
                "count": 8,
                "mean_error": -3.6875607339758942,
                "mae": 3.6875607339758942,
                "rmse": 3.7642084232566604
            },
            "8": {
                "count": 6,
                "mean_error": -4.47044135557672,
                "mae": 4.47044135557672,
                "rmse": 4.569308015910628
            },
            "9": {
                "count": 6,
                "mean_error": -5.2176438377145,
                "mae": 5.2176438377145,
                "rmse": 5.2898424451390404
            },
            "10": {
                "count": 3,
                "mean_error": -6.238608362191048,
                "mae": 6.238608362191048,
                "rmse": 6.297799095641951
            },
            "11": {
                "count": 1,
                "mean_error": -8.413357662086232,
                "mae": 8.413357662086232,
                "rmse": 8.413357662086232
            }
        }
    },
    "rf_training": {
        "status": "success",
        "training_samples": 50,
        "test_samples": 22,
        "features_used": 212,
        "baseline_performance": {
            "mae": 2.1958101658095073,
            "rmse": 2.6829725091646965
        },
        "new_model_performance": {
            "mae": 2.267729919402766,
            "rmse": 2.5358146504106225
        },
        "improvement": {
            "mae_improvement_pct": -3.2753174528976103,
            "rmse_improvement_pct": 5.484881349003813,
            "significant": false
        },
        "feature_columns": [
            "dist",
            "partant",
            "age",
            "cotedirect",
            "coteprob",
            "recence",
            "ecar",
            "coursescheval",
            "victoirescheval",
            "placescheval",
            "dernierealloc",
            "derniernbpartants",
            "dernieredist",
            "derniereplace",
            "dernierecote",
            "dernierEnt",
            "pourcVictJockHippo",
            "pourcPlaceJockHippo",
            "pourcVictChevalHippo",
            "pourcPlaceChevalHippo",
            "tempstot",
            "vha",
            "recordG",
            "txreclam",
            "dernierTxreclam",
            "gainsCarriere",
            "gainsAnneeEnCours",
            "handicapDistance",
            "handicapPoids",
            "TxVictCouple",
            "nbVictCouple",
            "nbPlaceCouple",
            "idche",
            "idJockey",
            "idEntraineur",
            "defFirstTime",
            "oeilFirstTime",
            "ratio_victoires",
            "ratio_places",
            "gains_par_course",
            "efficacite_couple",
            "regularite_couple",
            "progression_couple",
            "perf_cheval_hippo",
            "perf_jockey_hippo",
            "trainer_victoires",
            "trainer_places",
            "trainer_courses",
            "trainer_winrate",
            "trainer_placerate",
            "trainer_quality_score",
            "trainer_experience_level",
            "handicap_poids",
            "handicap_dist",
            "prec_handicap_poids",
            "prec_handicap_dist",
            "handicap_poids_change",
            "handicap_poids_increased",
            "handicap_poids_decreased",
            "handicap_dist_change",
            "handicap_dist_increased",
            "handicap_dist_decreased",
            "total_handicap",
            "handicap_momentum",
            "last_race_position",
            "last_race_distance",
            "distance_change",
            "distance_change_pct",
            "distance_increased",
            "distance_decreased",
            "same_distance",
            "corde_change",
            "corde_improved",
            "corde_worsened",
            "last_race_top3",
            "last_race_won",
            "blinkers_first_time",
            "has_blinkers",
            "has_standard_blinkers",
            "has_australian_blinkers",
            "blinkers_added",
            "blinkers_removed",
            "blinkers_type_changed",
            "blinkers_any_change",
            "blinkers_high_impact_change",
            "shoeing_first_time",
            "fully_shod",
            "front_shod_only",
            "back_shod_only",
            "barefoot",
            "shoeing_changed",
            "barefoot_to_shod",
            "shod_to_barefoot",
            "major_shoeing_change",
            "shoeing_complexity",
            "multiple_equipment_changes",
            "equipment_momentum_score",
            "high_equipment_momentum",
            "multiple_first_time_changes",
            "equipment_optimization_score",
            "career_strike_rate",
            "earnings_per_race",
            "earnings_trend",
            "last_race_position_normalized",
            "last_race_odds_normalized",
            "last_race_field_size_factor",
            "distance_consistency",
            "vha_normalized",
            "claiming_tax_trend",
            "class_stability",
            "che_global_avg_pos",
            "che_global_recent_perf",
            "che_global_consistency",
            "che_global_trend",
            "che_global_pct_top3",
            "che_global_nb_courses",
            "che_global_total_races",
            "che_global_dnf_rate",
            "che_weighted_avg_pos",
            "che_weighted_recent_perf",
            "che_weighted_consistency",
            "che_weighted_pct_top3",
            "che_weighted_nb_courses",
            "che_weighted_total_races",
            "che_weighted_dnf_rate",
            "che_weighted_trend",
            "che_bytype_avg_pos",
            "che_bytype_recent_perf",
            "che_bytype_consistency",
            "che_bytype_trend",
            "che_bytype_pct_top3",
            "che_bytype_nb_courses",
            "che_bytype_dnf_rate",
            "joc_global_avg_pos",
            "joc_global_recent_perf",
            "joc_global_consistency",
            "joc_global_trend",
            "joc_global_pct_top3",
            "joc_global_nb_courses",
            "joc_global_total_races",
            "joc_global_dnf_rate",
            "joc_weighted_avg_pos",
            "joc_weighted_recent_perf",
            "joc_weighted_consistency",
            "joc_weighted_pct_top3",
            "joc_weighted_nb_courses",
            "joc_weighted_total_races",
