{
    "sample_size": 72,
    "overall_mae": 2.638681269355519,
    "overall_rmse": 3.2466666937702455,
    "mean_error": -1.8908168519112654,
    "position_analysis": {
        "1": {
            "count": 8,
            "mean_error": 2.0995508789699056,
            "mae": 2.0995508789699056,
            "rmse": 2.105640199543404
        },
        "2": {
            "count": 8,
            "mean_error": 1.0367293233905062,
            "mae": 1.0748125177846108,
            "rmse": 1.3637196325170133
        },
        "3": {
            "count": 8,
            "mean_error": -0.1584718795145602,
            "mae": 0.3464451317762771,
            "rmse": 0.4579463618186616
        },
        "4": {
            "count": 8,
            "mean_error": -0.7482331671984725,
            "mae": 0.9803960728201115,
            "rmse": 1.0686807351840801
        },
        "5": {
            "count": 8,
            "mean_error": -1.995011426114047,
            "mae": 1.995011426114047,
            "rmse": 2.0443226431876735
        },
        "6": {
            "count": 8,
            "mean_error": -2.907142924207988,
            "mae": 2.907142924207988,
            "rmse": 2.916616811392308
        },
        "7": {
            "count": 8,
            "mean_error": -3.6875607339758942,
            "mae": 3.6875607339758942,
            "rmse": 3.7642084232566604
        },
        "8": {
            "count": 6,
            "mean_error": -4.47044135557672,
            "mae": 4.47044135557672,
            "rmse": 4.569308015910628
        },
        "9": {
            "count": 6,
            "mean_error": -5.2176438377145,
            "mae": 5.2176438377145,
            "rmse": 5.2898424451390404
        },
        "10": {
            "count": 3,
            "mean_error": -6.238608362191048,
            "mae": 6.238608362191048,
            "rmse": 6.297799095641951
        },
        "11": {
            "count": 1,
            "mean_error": -8.413357662086232,
            "mae": 8.413357662086232,
            "rmse": 8.413357662086232
        }
    }
}