{
  "model_type": "RF_Quint\u00e9",
  "db_type": "2years",
  "created_at": "2025-10-25T14:21:30.749106",
  "is_quinte": true,
  "training_results": {
    "model_type": "RandomForest_Quint\u00e9",
    "train_samples": 22549,
    "test_samples": 5638,
    "features": 90,
    "train_mae": 0.7036451084029997,
    "test_mae": 2.9879246461701015,
    "train_rmse": 0.8935367888578776,
    "test_rmse": 3.719752240539798,
    "test_r2": 0.1937050189622841,
    "feature_importance": [
      0.01118779907081914,
      0.006295684553577825,
      0.007981754339371322,
      0.013075819934234682,
      0.01927180550635469,
      0.0008515659807792703,
      0.0007185960950294409,
      0.015077388228794536,
      0.015570161561684755,
      0.0006028662023459064,
      0.00226617539507864,
      0.001579296555943563,
      0.007375523162906583,
      0.001174548994539656,
      0.0007601804735013522,
      0.0009358596679156698,
      0.000998618808223873,
      0.0,
      0.0,
      0.0,
      0.01909495697186354,
      0.0,
      0.01701009810249977,
      0.012763464374193966,
      0.017400127127364273,
      0.03423211117270868,
      0.01545174861195843,
      0.012393549208571527,
      0.009507676604894313,
      0.007555217687708147,
      0.016640298234583514,
      0.012793335443793862,
      0.017398722647478833,
      0.015681892091955082,
      0.0,
      0.009573736389010684,
      0.0074282715033597915,
      0.0,
      0.0,
      0.0,
      0.0,
      0.0,
      0.0,
      0.0,
      0.0,
      0.014772947152571606,
      0.013272796547363413,
      0.018042183466022474,
      0.03568727744051069,
      0.014247694752817478,
      0.007592756559197567,
      0.00175011808261363,
      0.03363882427822353,
      0.014815732971123872,
      0.01338858251681628,
      0.01782919332641102,
      0.014315797659602095,
      0.0,
      0.0017507668526330743,
      0.03097015208499209,
      0.0,
      0.0,
      0.0,
      0.0,
      0.0,
      0.0,
      0.0,
      0.0,
      0.008150808191812707,
      0.01812723654025759,
      0.019990032043482087,
      0.01969926924484607,
      0.0,
      0.0,
      0.014262160004863212,
      0.0,
      0.0,
      0.0,
      0.00978965155018291,
      0.011001975924841903,
      0.026215378133494234,
      0.02383406006887757,
      0.0,
      0.0,
      0.0,
      0.01080188649510017,
      0.020215735378309674,
      0.019279966647397433,
      0.03076406358274353,
      0.20514410179984674
    ],
    "feature_names": [
      "quinte_career_starts",
      "quinte_win_rate",
      "quinte_top5_rate",
      "avg_quinte_position",
      "days_since_last_quinte",
      "quinte_handicap_specialist",
      "quinte_conditions_specialist",
      "quinte_large_field_ability",
      "quinte_track_condition_fit",
      "is_handicap_quinte",
      "handicap_division",
      "purse_level_category",
      "field_size_category",
      "track_condition_PH",
      "track_condition_DUR",
      "track_condition_PS",
      "track_condition_PSF",
      "weather_clear",
      "weather_rain",
      "weather_cloudy",
      "post_position_bias",
      "post_position_track_bias",
      "che_global_avg_pos",
      "che_global_recent_perf",
      "che_global_consistency",
      "che_global_trend",
      "che_global_pct_top3",
      "che_global_nb_courses",
      "che_global_total_races",
      "che_global_dnf_rate",
      "che_weighted_avg_pos",
      "che_weighted_recent_perf",
      "che_weighted_consistency",
      "che_weighted_pct_top3",
      "che_weighted_nb_courses",
      "che_weighted_total_races",
      "che_weighted_dnf_rate",
      "che_weighted_trend",
      "che_bytype_avg_pos",
      "che_bytype_recent_perf",
      "che_bytype_consistency",
      "che_bytype_trend",
      "che_bytype_pct_top3",
      "che_bytype_nb_courses",
      "che_bytype_dnf_rate",
      "joc_global_avg_pos",
      "joc_global_recent_perf",
      "joc_global_consistency",
      "joc_global_trend",
      "joc_global_pct_top3",
      "joc_global_nb_courses",
      "joc_global_total_races",
      "joc_global_dnf_rate",
      "joc_weighted_avg_pos",
      "joc_weighted_recent_perf",
      "joc_weighted_consistency",
      "joc_weighted_pct_top3",
      "joc_weighted_nb_courses",
      "joc_weighted_total_races",
      "joc_weighted_dnf_rate",
      "joc_weighted_trend",
      "joc_bytype_avg_pos",
      "joc_bytype_recent_perf",
      "joc_bytype_consistency",
      "joc_bytype_trend",
      "joc_bytype_pct_top3",
      "joc_bytype_nb_courses",
      "joc_bytype_dnf_rate",
      "age",
      "dist",
      "temperature",
      "forceVent",
      "victoirescheval",
      "placescheval",
      "coursescheval",
      "ratio_victoires",
      "ratio_places",
      "gains_par_course",
      "pourcVictChevalHippo",
      "pourcPlaceChevalHippo",
      "pourcVictJockHippo",
      "pourcPlaceJockHippo",
      "efficacite_couple",
      "regularite_couple",
      "progression_couple",
      "perf_cheval_hippo",
      "perf_jockey_hippo",
      "numero",
      "recence_log",
      "cotedirect_log"
    ]
  }
}