{
  "model_type": "RF_Quint\u00e9",
  "db_type": "2years",
  "created_at": "2025-10-20T16:58:22.837905",
  "is_quinte": true,
  "training_results": {
    "model_type": "RandomForest_Quint\u00e9",
    "train_samples": 22393,
    "test_samples": 5599,
    "features": 90,
    "train_mae": 0.7087069016982455,
    "test_mae": 2.990761751518063,
    "train_rmse": 0.8976726296976235,
    "test_rmse": 3.7177133393549324,
    "test_r2": 0.1987239492158509,
    "feature_importance": [
      0.013292083202728826,
      0.00756195467821911,
      0.009082842571175363,
      0.01443249869546185,
      0.022771724396648742,
      0.0010560176247365243,
      0.0008761532608848017,
      0.01778805974344088,
      0.017881512580911505,
      0.0017547225994496575,
      0.008356453888368932,
      0.0015769200400916395,
      0.0008792127824621908,
      0.0009068737752029152,
      0.0012124039251280297,
      0.02243960332187006,
      0.036890866132052176,
      0.028826512155056015,
      0.03927412287808635,
      0.033088434799632624,
      0.027852951353862437,
      0.01658822981488628,
      0.03243658616720622,
      0.030048788751839174,
      0.03974047793835824,
      0.02992851054172367,
      0.004667488820631853,
      0.06929817091430486,
      0.010368736653342661,
      0.022254300071562736,
      0.023544664854287464,
      0.023556874603417502,
      0.0,
      0.0,
      0.01599327794436175,
      0.0,
      0.0,
      0.01156779835650099,
      0.012630347957912463,
      0.035080239441259924,
      0.036149864653878316,
      0.012782594437791858,
      0.02267532756251096,
      0.035292051397735294,
      0.207593744711017
    ],
    "feature_names": [
      "quinte_career_starts",
      "quinte_win_rate",
      "quinte_top5_rate",
      "avg_quinte_position",
      "days_since_last_quinte",
      "quinte_handicap_specialist",
      "quinte_conditions_specialist",
      "quinte_large_field_ability",
      "quinte_track_condition_fit",
      "is_handicap_quinte",
      "handicap_division",
      "purse_level_category",
      "field_size_category",
      "track_condition_PH",
      "track_condition_DUR",
      "track_condition_PS",
      "track_condition_PSF",
      "weather_clear",
      "weather_rain",
      "weather_cloudy",
      "post_position_bias",
      "post_position_track_bias",
      "che_global_avg_pos",
      "che_global_recent_perf",
      "che_global_consistency",
      "che_global_trend",
      "che_global_pct_top3",
      "che_global_nb_courses",
      "che_global_total_races",
      "che_global_dnf_rate",
      "che_weighted_avg_pos",
      "che_weighted_recent_perf",
      "che_weighted_consistency",
      "che_weighted_pct_top3",
      "che_weighted_nb_courses",
      "che_weighted_total_races",
      "che_weighted_dnf_rate",
      "che_weighted_trend",
      "che_bytype_avg_pos",
      "che_bytype_recent_perf",
      "che_bytype_consistency",
      "che_bytype_trend",
      "che_bytype_pct_top3",
      "che_bytype_nb_courses",
      "che_bytype_dnf_rate",
      "joc_global_avg_pos",
      "joc_global_recent_perf",
      "joc_global_consistency",
      "joc_global_trend",
      "joc_global_pct_top3",
      "joc_global_nb_courses",
      "joc_global_total_races",
      "joc_global_dnf_rate",
      "joc_weighted_avg_pos",
      "joc_weighted_recent_perf",
      "joc_weighted_consistency",
      "joc_weighted_pct_top3",
      "joc_weighted_nb_courses",
      "joc_weighted_total_races",
      "joc_weighted_dnf_rate",
      "joc_weighted_trend",
      "joc_bytype_avg_pos",
      "joc_bytype_recent_perf",
      "joc_bytype_consistency",
      "joc_bytype_trend",
      "joc_bytype_pct_top3",
      "joc_bytype_nb_courses",
      "joc_bytype_dnf_rate",
      "age",
      "dist",
      "temperature",
      "cotedirect",
      "forceVent",
      "victoirescheval",
      "placescheval",
      "coursescheval",
      "ratio_victoires",
      "ratio_places",
      "gains_par_course",
      "pourcVictChevalHippo",
      "pourcPlaceChevalHippo",
      "pourcVictJockHippo",
      "pourcPlaceJockHippo",
      "efficacite_couple",
      "regularite_couple",
      "progression_couple",
      "perf_cheval_hippo",
      "perf_jockey_hippo",
      "recence",
      "numero"
    ]
  }
}