{
  "model_type": "RF_Quint\u00e9",
  "db_type": "2years",
  "created_at": "2025-11-10T13:25:00.839736",
  "is_quinte": true,
  "training_results": {
    "model_type": "RandomForest_Quint\u00e9",
    "train_samples": 22549,
    "test_samples": 5638,
    "features": 92,
    "train_mae": 1.1148869129451418,
    "test_mae": 2.993565094004966,
    "train_rmse": 1.3602597130636125,
    "test_rmse": 3.6429278675306236,
    "test_r2": 0.22666605732123357,
    "feature_importance": [
      0.008556727887099129,
      0.004997522868338642,
      0.006325959019323392,
      0.010011397551152369,
      0.015263262261688497,
      0.0005869825736575403,
      0.0005410902257262663,
      0.011762271721700402,
      0.012115895541118124,
      0.00038775170714179996,
      0.0017763532531001713,
      0.0010159282737074694,
      0.005956343344672463,
      0.0008937334518012515,
      0.0005399625579679997,
      0.0006438083291245625,
      0.0008049447304089193,
      0.0,
      0.0,
      0.0,
      0.015185358403300587,
      0.0,
      0.01880512303525976,
      0.012558088246251377,
      0.02216699680367779,
      0.01957591202745377,
      0.01212195278909612,
      0.006065946457704713,
      0.005367190269965011,
      0.004336397575366061,
      0.014524159156361236,
      0.012288824952880003,
      0.020562574552824255,
      0.011069298358392939,
      0.0047665143362705005,
      0.005115317393282432,
      0.004422793148784503,
      0.011353167300238873,
      0.014525216541175567,
      0.010657227933092286,
      0.020174124978500744,
      0.011349871574243539,
      0.009338656407153229,
      0.004823535739243464,
      0.006071863395028242,
      0.011973309911127644,
      0.009378464603099955,
      0.017330149212196156,
      0.015163926668263893,
      0.009921437924098907,
      0.004586457047767252,
      0.0011415669001422484,
      0.026090698307734646,
      0.009252341300560674,
      0.009340288735723914,
      0.013001032766497288,
      0.00886279233938033,
      0.0043601264369466574,
      0.0011891350233492197,
      0.024676139892794168,
      0.010915727949322662,
      0.010424875957517211,
      0.008494765641162664,
      0.015107177357709698,
      0.010798145240101236,
      0.008741695700041897,
      0.004002446779318146,
      0.014770008958181237,
      0.006079483887854997,
      0.0038654430390332234,
      0.005964937299396123,
      0.014289705891016337,
      0.015681470933047323,
      0.015403145214536935,
      0.0,
      0.0,
      0.010896110422648063,
      0.0,
      0.0,
      0.0,
      0.007784001624368957,
      0.008641891035009808,
      0.020228078188254874,
      0.018210221053420187,
      0.0,
      0.0,
      0.0,
      0.008327507528671533,
      0.015545543437045662,
      0.015136584771861092,
      0.024665102467988236,
      0.20035201587953302
    ],
    "feature_names": [
      "quinte_career_starts",
      "quinte_win_rate",
      "quinte_top5_rate",
      "avg_quinte_position",
      "days_since_last_quinte",
      "quinte_handicap_specialist",
      "quinte_conditions_specialist",
      "quinte_large_field_ability",
      "quinte_track_condition_fit",
      "is_handicap_quinte",
      "handicap_division",
      "purse_level_category",
      "field_size_category",
      "track_condition_PH",
      "track_condition_DUR",
      "track_condition_PS",
      "track_condition_PSF",
      "weather_clear",
      "weather_rain",
      "weather_cloudy",
      "post_position_bias",
      "post_position_track_bias",
      "che_global_avg_pos",
      "che_global_recent_perf",
      "che_global_consistency",
      "che_global_trend",
      "che_global_pct_top3",
      "che_global_nb_courses",
      "che_global_total_races",
      "che_global_dnf_rate",
      "che_weighted_avg_pos",
      "che_weighted_recent_perf",
      "che_weighted_consistency",
      "che_weighted_pct_top3",
      "che_weighted_nb_courses",
      "che_weighted_total_races",
      "che_weighted_dnf_rate",
      "che_weighted_trend",
      "che_bytype_avg_pos",
      "che_bytype_recent_perf",
      "che_bytype_consistency",
      "che_bytype_trend",
      "che_bytype_pct_top3",
      "che_bytype_nb_courses",
      "che_bytype_dnf_rate",
      "joc_global_avg_pos",
      "joc_global_recent_perf",
      "joc_global_consistency",
      "joc_global_trend",
      "joc_global_pct_top3",
      "joc_global_nb_courses",
      "joc_global_total_races",
      "joc_global_dnf_rate",
      "joc_weighted_avg_pos",
      "joc_weighted_recent_perf",
      "joc_weighted_consistency",
      "joc_weighted_pct_top3",
      "joc_weighted_nb_courses",
      "joc_weighted_total_races",
      "joc_weighted_dnf_rate",
      "joc_weighted_trend",
      "joc_bytype_avg_pos",
      "joc_bytype_recent_perf",
      "joc_bytype_consistency",
      "joc_bytype_trend",
      "joc_bytype_pct_top3",
      "joc_bytype_nb_courses",
      "joc_bytype_dnf_rate",
      "che_bytype_total_races",
      "joc_bytype_total_races",
      "age",
      "dist",
      "temperature",
      "forceVent",
      "victoirescheval",
      "placescheval",
      "coursescheval",
      "ratio_victoires",
      "ratio_places",
      "gains_par_course",
      "pourcVictChevalHippo",
      "pourcPlaceChevalHippo",
      "pourcVictJockHippo",
      "pourcPlaceJockHippo",
      "efficacite_couple",
      "regularite_couple",
      "progression_couple",
      "perf_cheval_hippo",
      "perf_jockey_hippo",
      "numero",
      "recence_log",
      "cotedirect_log"
    ]
  }
}