{
  "model_type": "RF_Quint\u00e9",
  "db_type": "2years",
  "created_at": "2025-11-12T21:35:59.422389",
  "is_quinte": true,
  "training_results": {
    "model_type": "RandomForest_Quint\u00e9",
    "train_samples": 22549,
    "test_samples": 5638,
    "features": 92,
    "uses_normalized_targets": true,
    "train_mae": 0.15502962439295007,
    "test_mae": 0.2101666825121073,
    "train_rmse": 0.1907034603920281,
    "test_rmse": 0.25609790779724656,
    "test_r2": 0.2015116946851112,
    "feature_importance": [
      0.0042891292832791805,
      0.0070769768208265305,
      0.005489876959472895,
      0.007707054726779461,
      0.008141538128256798,
      0.0055210040882229805,
      0.01587512530386448,
      0.00851945485919714,
      0.01003651600331068,
      0.006635046098381281,
      0.007003579754382372,
      0.006885842885822058,
      0.011442243121564388,
      0.005322315730154514,
      0.006049030460417271,
      0.007357530761510134,
      0.010741088539361954,
      0.0,
      0.0,
      0.0,
      0.006556408945471048,
      0.0,
      0.007364625111222267,
      0.00699674291536212,
      0.008721252903342247,
      0.008542395196855068,
      0.007901628501713276,
      0.008130908012390137,
      0.008728152140974998,
      0.007627121172845364,
      0.010001436807215214,
      0.00850730575621128,
      0.00936712697148323,
      0.010380236431956291,
      0.008798375725746155,
      0.008656026795506477,
      0.009076772257685661,
      0.008763349615037441,
      0.010901902802288532,
      0.009154981933534145,
      0.010073947720229626,
      0.00789172574877739,
      0.013849974609911442,
      0.00822300836443901,
      0.009083356708288193,
      0.009396625682711601,
      0.007440326269716024,
      0.008431707508862019,
      0.008491124957799911,
      0.008882280439138412,
      0.012060659006237984,
      0.008701037615537643,
      0.050650544464588165,
      0.009811407886445522,
      0.008783130906522274,
      0.009634803980588913,
      0.009558387100696564,
      0.016646355390548706,
      0.011852593161165714,
      0.1521979421377182,
      0.00926433876156807,
      0.01148310024291277,
      0.010500323958694935,
      0.009493502788245678,
      0.007569248788058758,
      0.009064484387636185,
      0.02230197563767433,
      0.01964368298649788,
      0.009102560579776764,
      0.00911895465105772,
      0.008236761204898357,
      0.009215762838721275,
      0.009052547626197338,
      0.008820788003504276,
      0.0,
      0.0,
      0.008325576782226562,
      0.0,
      0.0,
      0.0,
      0.008616114966571331,
      0.007766688242554665,
      0.009017898701131344,
      0.00919252634048462,
      0.0,
      0.0,
      0.0,
      0.009256156161427498,
      0.010853985324501991,
      0.008464370854198933,
      0.010512384586036205,
      0.08519510924816132
    ],
    "feature_names": [
      "quinte_career_starts",
      "quinte_win_rate",
      "quinte_top5_rate",
      "avg_quinte_position",
      "days_since_last_quinte",
      "quinte_handicap_specialist",
      "quinte_conditions_specialist",
      "quinte_large_field_ability",
      "quinte_track_condition_fit",
      "is_handicap_quinte",
      "handicap_division",
      "purse_level_category",
      "field_size_category",
      "track_condition_PH",
      "track_condition_DUR",
      "track_condition_PS",
      "track_condition_PSF",
      "weather_clear",
      "weather_rain",
      "weather_cloudy",
      "post_position_bias",
      "post_position_track_bias",
      "che_global_avg_pos",
      "che_global_recent_perf",
      "che_global_consistency",
      "che_global_trend",
      "che_global_pct_top3",
      "che_global_nb_courses",
      "che_global_total_races",
      "che_global_dnf_rate",
      "che_weighted_avg_pos",
      "che_weighted_recent_perf",
      "che_weighted_consistency",
      "che_weighted_pct_top3",
      "che_weighted_nb_courses",
      "che_weighted_total_races",
      "che_weighted_dnf_rate",
      "che_weighted_trend",
      "che_bytype_avg_pos",
      "che_bytype_recent_perf",
      "che_bytype_consistency",
      "che_bytype_trend",
      "che_bytype_pct_top3",
      "che_bytype_nb_courses",
      "che_bytype_dnf_rate",
      "joc_global_avg_pos",
      "joc_global_recent_perf",
      "joc_global_consistency",
      "joc_global_trend",
      "joc_global_pct_top3",
      "joc_global_nb_courses",
      "joc_global_total_races",
      "joc_global_dnf_rate",
      "joc_weighted_avg_pos",
      "joc_weighted_recent_perf",
      "joc_weighted_consistency",
      "joc_weighted_pct_top3",
      "joc_weighted_nb_courses",
      "joc_weighted_total_races",
      "joc_weighted_dnf_rate",
      "joc_weighted_trend",
      "joc_bytype_avg_pos",
      "joc_bytype_recent_perf",
      "joc_bytype_consistency",
      "joc_bytype_trend",
      "joc_bytype_pct_top3",
      "joc_bytype_nb_courses",
      "joc_bytype_dnf_rate",
      "che_bytype_total_races",
      "joc_bytype_total_races",
      "age",
      "dist",
      "temperature",
      "forceVent",
      "victoirescheval",
      "placescheval",
      "coursescheval",
      "ratio_victoires",
      "ratio_places",
      "gains_par_course",
      "pourcVictChevalHippo",
      "pourcPlaceChevalHippo",
      "pourcVictJockHippo",
      "pourcPlaceJockHippo",
      "efficacite_couple",
      "regularite_couple",
      "progression_couple",
      "perf_cheval_hippo",
      "perf_jockey_hippo",
      "numero",
      "recence_log",
      "cotedirect_log"
    ]
  }
}