{
  "model_type": "RF_Quint\u00e9",
  "db_type": "2years",
  "created_at": "2025-11-12T22:07:41.199045",
  "is_quinte": true,
  "training_results": {
    "model_type": "XGBoost_Quint\u00e9",
    "train_samples": 22549,
    "test_samples": 5638,
    "features": 92,
    "train_mae": 2.206660325024745,
    "test_mae": 2.99195414372436,
    "train_rmse": 2.7210930975615573,
    "test_rmse": 3.6554560339001667,
    "test_r2": 0.2213378619084474,
    "feature_importance": [
      0.0042189909145236015,
      0.00645005889236927,
      0.00558858085423708,
      0.008301784284412861,
      0.0075737782754004,
      0.006528184749186039,
      0.014352750033140182,
      0.00930160004645586,
      0.01010061800479889,
      0.0053118085488677025,
      0.006688878405839205,
      0.0053173815831542015,
      0.014039109461009502,
      0.007219378836452961,
      0.003222901374101639,
      0.00952242873609066,
      0.009718991816043854,
      0.0,
      0.0,
      0.0,
      0.0065273018553853035,
      0.0,
      0.00853937491774559,
      0.007951240055263042,
      0.009108070284128189,
      0.008291153237223625,
      0.007998856715857983,
      0.008643297478556633,
      0.009322790428996086,
      0.008525760844349861,
      0.009626074694097042,
      0.009492283686995506,
      0.010187748819589615,
      0.01087922789156437,
      0.008773436769843102,
      0.008272209204733372,
      0.00913504883646965,
      0.009182555601000786,
      0.010854540392756462,
      0.008878298103809357,
      0.010628375224769115,
      0.008455163799226284,
      0.011691329069435596,
      0.0076595391146838665,
      0.0098233912140131,
      0.009732394479215145,
      0.008990585803985596,
      0.008711638860404491,
      0.008656526915729046,
      0.008883833885192871,
      0.010238499380648136,
      0.008793309330940247,
      0.05917278304696083,
      0.0095915412530303,
      0.008793993853032589,
      0.010706166736781597,
      0.009839387610554695,
      0.021821293979883194,
      0.0012415294768288732,
      0.12140056490898132,
      0.009790651500225067,
      0.009643509052693844,
      0.010164773091673851,
      0.009904269129037857,
      0.008066304959356785,
      0.009508881717920303,
      0.02760152891278267,
      0.022991351783275604,
      0.010603956878185272,
      0.008800072595477104,
      0.008781705982983112,
      0.009462698362767696,
      0.008686285465955734,
      0.009294111281633377,
      0.0,
      0.0,
      0.008958821184933186,
      0.0,
      0.0,
      0.0,
      0.007768160197883844,
      0.00888493936508894,
      0.00874551385641098,
      0.009727825410664082,
      0.0,
      0.0,
      0.0,
      0.010073808953166008,
      0.010602394118905067,
      0.009091595187783241,
      0.010999700985848904,
      0.09336879104375839
    ],
    "feature_names": [
      "quinte_career_starts",
      "quinte_win_rate",
      "quinte_top5_rate",
      "avg_quinte_position",
      "days_since_last_quinte",
      "quinte_handicap_specialist",
      "quinte_conditions_specialist",
      "quinte_large_field_ability",
      "quinte_track_condition_fit",
      "is_handicap_quinte",
      "handicap_division",
      "purse_level_category",
      "field_size_category",
      "track_condition_PH",
      "track_condition_DUR",
      "track_condition_PS",
      "track_condition_PSF",
      "weather_clear",
      "weather_rain",
      "weather_cloudy",
      "post_position_bias",
      "post_position_track_bias",
      "che_global_avg_pos",
      "che_global_recent_perf",
      "che_global_consistency",
      "che_global_trend",
      "che_global_pct_top3",
      "che_global_nb_courses",
      "che_global_total_races",
      "che_global_dnf_rate",
      "che_weighted_avg_pos",
      "che_weighted_recent_perf",
      "che_weighted_consistency",
      "che_weighted_pct_top3",
      "che_weighted_nb_courses",
      "che_weighted_total_races",
      "che_weighted_dnf_rate",
      "che_weighted_trend",
      "che_bytype_avg_pos",
      "che_bytype_recent_perf",
      "che_bytype_consistency",
      "che_bytype_trend",
      "che_bytype_pct_top3",
      "che_bytype_nb_courses",
      "che_bytype_dnf_rate",
      "joc_global_avg_pos",
      "joc_global_recent_perf",
      "joc_global_consistency",
      "joc_global_trend",
      "joc_global_pct_top3",
      "joc_global_nb_courses",
      "joc_global_total_races",
      "joc_global_dnf_rate",
      "joc_weighted_avg_pos",
      "joc_weighted_recent_perf",
      "joc_weighted_consistency",
      "joc_weighted_pct_top3",
      "joc_weighted_nb_courses",
      "joc_weighted_total_races",
      "joc_weighted_dnf_rate",
      "joc_weighted_trend",
      "joc_bytype_avg_pos",
      "joc_bytype_recent_perf",
      "joc_bytype_consistency",
      "joc_bytype_trend",
      "joc_bytype_pct_top3",
      "joc_bytype_nb_courses",
      "joc_bytype_dnf_rate",
      "che_bytype_total_races",
      "joc_bytype_total_races",
      "age",
      "dist",
      "temperature",
      "forceVent",
      "victoirescheval",
      "placescheval",
      "coursescheval",
      "ratio_victoires",
      "ratio_places",
      "gains_par_course",
      "pourcVictChevalHippo",
      "pourcPlaceChevalHippo",
      "pourcVictJockHippo",
      "pourcPlaceJockHippo",
      "efficacite_couple",
      "regularite_couple",
      "progression_couple",
      "perf_cheval_hippo",
      "perf_jockey_hippo",
      "numero",
      "recence_log",
      "cotedirect_log"
    ]
  }
}