{
  "model_type": "RF_Quint\u00e9",
  "db_type": "2years",
  "created_at": "2025-10-25T13:05:16.086453",
  "is_quinte": true,
  "training_results": {
    "model_type": "RandomForest_Quint\u00e9",
    "train_samples": 22549,
    "test_samples": 5638,
    "features": 90,
    "train_mae": 0.7062609862930197,
    "test_mae": 2.9855615305375722,
    "train_rmse": 0.8950183493639814,
    "test_rmse": 3.721905450917013,
    "test_r2": 0.1927712873088272,
    "feature_importance": [
      0.013322198608391794,
      0.007339881635407119,
      0.009315387524650725,
      0.015107506594554565,
      0.022303348120878932,
      0.0010713442598046892,
      0.0009096098478576153,
      0.017611959779209006,
      0.017798937839672693,
      0.0019071313815648776,
      0.008473901876758902,
      0.0015174752675485668,
      0.0009176173183761584,
      0.0011141237052622714,
      0.0013633506885500951,
      0.022507858011142932,
      0.03690119243423442,
      0.028905410651334035,
      0.038783248297797314,
      0.033407312442382445,
      0.027574472348620073,
      0.01616198635246203,
      0.0,
      0.0,
      0.0,
      0.0,
      0.0,
      0.0,
      0.0,
      0.032502493961271146,
      0.030065217914978223,
      0.038902659197829065,
      0.030665924618207715,
      0.00429995583715678,
      0.06886796908870527,
      0.0,
      0.0,
      0.0,
      0.0,
      0.0,
      0.0,
      0.0,
      0.010215875231176078,
      0.0216610703855874,
      0.02358501571328421,
      0.02315371604688391,
      0.0,
      0.0,
      0.016770129864130314,
      0.0,
      0.0,
      0.011599196464518395,
      0.013065682396597443,
      0.03461730631887455,
      0.03651034011568068,
      0.012563239646742547,
      0.02227219922854108,
      0.035378078062095905,
      0.20898867492127807
    ],
    "feature_names": [
      "quinte_career_starts",
      "quinte_win_rate",
      "quinte_top5_rate",
      "avg_quinte_position",
      "days_since_last_quinte",
      "quinte_handicap_specialist",
      "quinte_conditions_specialist",
      "quinte_large_field_ability",
      "quinte_track_condition_fit",
      "is_handicap_quinte",
      "handicap_division",
      "purse_level_category",
      "field_size_category",
      "track_condition_PH",
      "track_condition_DUR",
      "track_condition_PS",
      "track_condition_PSF",
      "weather_clear",
      "weather_rain",
      "weather_cloudy",
      "post_position_bias",
      "post_position_track_bias",
      "che_global_avg_pos",
      "che_global_recent_perf",
      "che_global_consistency",
      "che_global_trend",
      "che_global_pct_top3",
      "che_global_nb_courses",
      "che_global_total_races",
      "che_global_dnf_rate",
      "che_weighted_avg_pos",
      "che_weighted_recent_perf",
      "che_weighted_consistency",
      "che_weighted_pct_top3",
      "che_weighted_nb_courses",
      "che_weighted_total_races",
      "che_weighted_dnf_rate",
      "che_weighted_trend",
      "che_bytype_avg_pos",
      "che_bytype_recent_perf",
      "che_bytype_consistency",
      "che_bytype_trend",
      "che_bytype_pct_top3",
      "che_bytype_nb_courses",
      "che_bytype_dnf_rate",
      "joc_global_avg_pos",
      "joc_global_recent_perf",
      "joc_global_consistency",
      "joc_global_trend",
      "joc_global_pct_top3",
      "joc_global_nb_courses",
      "joc_global_total_races",
      "joc_global_dnf_rate",
      "joc_weighted_avg_pos",
      "joc_weighted_recent_perf",
      "joc_weighted_consistency",
      "joc_weighted_pct_top3",
      "joc_weighted_nb_courses",
      "joc_weighted_total_races",
      "joc_weighted_dnf_rate",
      "joc_weighted_trend",
      "joc_bytype_avg_pos",
      "joc_bytype_recent_perf",
      "joc_bytype_consistency",
      "joc_bytype_trend",
      "joc_bytype_pct_top3",
      "joc_bytype_nb_courses",
      "joc_bytype_dnf_rate",
      "age",
      "dist",
      "temperature",
      "cotedirect",
      "forceVent",
      "victoirescheval",
      "placescheval",
      "coursescheval",
      "ratio_victoires",
      "ratio_places",
      "gains_par_course",
      "pourcVictChevalHippo",
      "pourcPlaceChevalHippo",
      "pourcVictJockHippo",
      "pourcPlaceJockHippo",
      "efficacite_couple",
      "regularite_couple",
      "progression_couple",
      "perf_cheval_hippo",
      "perf_jockey_hippo",
      "recence",
      "numero"
    ]
  }
}