{
  "model_type": "TabNet_Quint\u00e9",
  "db_type": "2years",
  "created_at": "2025-11-03T11:41:29.396149",
  "is_quinte": true,
  "training_results": {
    "status": "success",
    "model_type": "TabNet_Quint\u00e9_Selected",
    "train_samples": 22549,
    "test_samples": 5638,
    "original_features": 92,
    "selected_features": 45,
    "features": 45,
    "train_mae": 3.0507928935792834,
    "test_mae": 3.033966114775599,
    "train_rmse": 3.7209838419294914,
    "test_rmse": 3.703120568453083,
    "test_r2": 0.20089907574069232,
    "feature_importance": [
      0.28235891615288117,
      0.02006619019095939,
      6.9444223884978405e-06,
      0.03523490004482445,
      0.022486406904943832,
      0.014713706281895434,
      0.0006641985453663815,
      0.0052092919965347215,
      0.013981700364247562,
      0.010885129657123682,
      0.0092923050900804,
      3.2082665428533804e-06,
      0.05752211864514026,
      0.033762035619484945,
      0.028627792534440505,
      4.717643381247076e-05,
      0.03487881701927183,
      0.022024781258133203,
      0.004504185307902471,
      0.0011931674864435959,
      0.00262389256423817,
      0.031340390205853434,
      0.03603491331558497,
      0.009106632228934618,
      0.07890129241576538,
      0.0004458035109089733,
      0.013609526289718198,
      0.05726077651694953,
      0.00012252615562526511,
      0.019086569526246922,
      0.0034868727637839074,
      0.013459143520642036,
      0.016261792033521183,
      0.015002895490268097,
      0.01741069305375485,
      0.0003685241484191619,
      0.0001182101438325049,
      0.008408927538947786,
      0.013047224494764737,
      0.0001382024392587041,
      0.0008014150467435866,
      0.032016721434156126,
      0.0009664742779563055,
      0.032126995436325814,
      0.00039061322538198136
    ],
    "feature_names": [
      "cotedirect_log",
      "track_condition_DUR",
      "joc_bytype_pct_top3",
      "che_bytype_recent_perf",
      "che_global_pct_top3",
      "che_bytype_avg_pos",
      "coursescheval",
      "days_since_last_quinte",
      "field_size_category",
      "avg_quinte_position",
      "forceVent",
      "che_bytype_dnf_rate",
      "che_weighted_dnf_rate",
      "joc_bytype_nb_courses",
      "joc_global_consistency",
      "perf_cheval_hippo",
      "pourcVictJockHippo",
      "age",
      "quinte_top5_rate",
      "che_global_recent_perf",
      "joc_global_trend",
      "quinte_large_field_ability",
      "che_bytype_pct_top3",
      "pourcPlaceChevalHippo",
      "joc_bytype_avg_pos",
      "quinte_track_condition_fit",
      "che_global_avg_pos",
      "is_handicap_quinte",
      "pourcVictChevalHippo",
      "joc_global_nb_courses",
      "joc_bytype_recent_perf",
      "numero",
      "che_bytype_total_races",
      "post_position_bias",
      "joc_bytype_trend",
      "purse_level_category",
      "che_bytype_trend",
      "handicap_division",
      "temperature",
      "che_weighted_recent_perf",
      "recence_log",
      "joc_bytype_total_races",
      "quinte_career_starts",
      "che_global_trend",
      "joc_bytype_consistency"
    ],
    "feature_selection": {
      "status": "fitted",
      "selected_count": 45,
      "selected_features": [
        "cotedirect_log",
        "track_condition_DUR",
        "joc_bytype_pct_top3",
        "che_bytype_recent_perf",
        "che_global_pct_top3",
        "che_bytype_avg_pos",
        "coursescheval",
        "days_since_last_quinte",
        "field_size_category",
        "avg_quinte_position",
        "forceVent",
        "che_bytype_dnf_rate",
        "che_weighted_dnf_rate",
        "joc_bytype_nb_courses",
        "joc_global_consistency",
        "perf_cheval_hippo",
        "pourcVictJockHippo",
        "age",
        "quinte_top5_rate",
        "che_global_recent_perf",
        "joc_global_trend",
        "quinte_large_field_ability",
        "che_bytype_pct_top3",
        "pourcPlaceChevalHippo",
        "joc_bytype_avg_pos",
        "quinte_track_condition_fit",
        "che_global_avg_pos",
        "is_handicap_quinte",
        "pourcVictChevalHippo",
        "joc_global_nb_courses",
        "joc_bytype_recent_perf",
        "numero",
        "che_bytype_total_races",
        "post_position_bias",
        "joc_bytype_trend",
        "purse_level_category",
        "che_bytype_trend",
        "handicap_division",
        "temperature",
        "che_weighted_recent_perf",
        "recence_log",
        "joc_bytype_total_races",
        "quinte_career_starts",
        "che_global_trend",
        "joc_bytype_consistency"
      ],
      "removed_counts": {
        "constant": 12,
        "sparse": 5,
        "correlated": 22
      },
      "parameters": {
        "sparse_threshold": 0.7,
        "correlation_threshold": 0.95,
        "target_features": 45
      }
    }
  },
  "full_training_results": {
    "status": "success",
    "training_time": 1631.875137,
    "model_type": "quint\u00e9_specialized",
    "data_stats": {
      "total_races": 2100,
      "total_participants": 32504,
      "participants_with_results": 28187,
      "features": 45
    },
    "rf_results": {
      "model_type": "RandomForest_Quint\u00e9",
      "train_samples": 22549,
      "test_samples": 5638,
      "features": 92,
      "train_mae": 0.707001329077933,
      "test_mae": 2.991310793512182,
      "train_rmse": 0.8947865223292947,
      "test_rmse": 3.723839399447382,
      "test_r2": 0.19193217712896227,