{
  "model_type": "RF_Quint\u00e9",
  "db_type": "2years",
  "created_at": "2025-11-13T09:29:54.847484",
  "is_quinte": true,
  "training_results": {
    "model_type": "XGBoost_Quint\u00e9",
    "train_samples": 22549,
    "test_samples": 5638,
    "features": 86,
    "train_mae": 2.220143440052688,
    "test_mae": 3.0047608116557725,
    "train_rmse": 2.733014724810519,
    "test_rmse": 3.6663973318224934,
    "test_r2": 0.2166695937080586,
    "feature_importance": [
      0.0047975447960197926,
      0.008706233464181423,
      0.009307900443673134,
      0.008795049972832203,
      0.009347854182124138,
      0.00890679657459259,
      0.03171650320291519,
      0.01055391225963831,
      0.009642153978347778,
      0.020517395809292793,
      0.00783958937972784,
      0.006237987894564867,
      0.015051279217004776,
      0.008336856961250305,
      0.0062558637000620365,
      0.009420515038073063,
      0.010777369141578674,
      0.0,
      0.0,
      0.0,
      0.007899061776697636,
      0.0,
      0.00930917076766491,
      0.009231464006006718,
      0.010376482270658016,
      0.010192866437137127,
      0.008957933634519577,
      0.009548087604343891,
      0.010657561011612415,
      0.014137417078018188,
      0.009808388538658619,
      0.010690606199204922,
      0.0111891720443964,
      0.011003565043210983,
      0.013519782572984695,
      0.010790377855300903,
      0.011788569390773773,
      0.010630893521010876,
      0.012139479629695415,
      0.009864692576229572,
      0.014032017439603806,
      0.012566030956804752,
      0.010060204192996025,
      0.010110628791153431,
      0.01019737496972084,
      0.010216410271823406,
      0.010371619835495949,
      0.04639531299471855,
      0.012162764556705952,
      0.011352905072271824,
      0.011044845916330814,
      0.011405604891479015,
      0.011305265128612518,
      0.0525020994246006,
      0.013082488439977169,
      0.01120210625231266,
      0.02488316409289837,
      0.010956031270325184,
      0.011540527455508709,
      0.012882252223789692,
      0.011097070761024952,
      0.009229510091245174,
      0.011395280249416828,
      0.009998265653848648,
      0.010768484324216843,
      0.011144430376589298,
      0.01092757098376751,
      0.009568913839757442,
      0.0,
      0.0,
      0.010244711302220821,
      0.0,
      0.0,
      0.0,
      0.010259552858769894,
      0.010567768476903439,
      0.0110946549102664,
      0.011117620393633842,
      0.0,
      0.0,
      0.0,
      0.012561917304992676,
      0.013366618193686008,
      0.009830527007579803,
      0.012358392588794231,
      0.1082526370882988
    ],
    "feature_names": [
      "quinte_career_starts",
      "quinte_win_rate",
      "quinte_top5_rate",
      "avg_quinte_position",
      "days_since_last_quinte",
      "quinte_handicap_specialist",
      "quinte_conditions_specialist",
      "quinte_large_field_ability",
      "quinte_track_condition_fit",
      "is_handicap_quinte",
      "handicap_division",
      "purse_level_category",
      "field_size_category",
      "track_condition_PH",
      "track_condition_DUR",
      "track_condition_PS",
      "track_condition_PSF",
      "weather_clear",
      "weather_rain",
      "weather_cloudy",
      "post_position_bias",
      "post_position_track_bias",
      "che_global_avg_pos",
      "che_global_recent_perf",
      "che_global_consistency",
      "che_global_trend",
      "che_global_pct_top3",
      "che_global_nb_courses",
      "che_global_total_races",
      "che_weighted_avg_pos",
      "che_weighted_recent_perf",
      "che_weighted_consistency",
      "che_weighted_pct_top3",
      "che_weighted_nb_courses",
      "che_weighted_total_races",
      "che_weighted_trend",
      "che_bytype_avg_pos",
      "che_bytype_recent_perf",
      "che_bytype_consistency",
      "che_bytype_trend",
      "che_bytype_pct_top3",
      "che_bytype_nb_courses",
      "joc_global_avg_pos",
      "joc_global_recent_perf",
      "joc_global_consistency",
      "joc_global_trend",
      "joc_global_pct_top3",
      "joc_global_nb_courses",
      "joc_global_total_races",
      "joc_weighted_avg_pos",
      "joc_weighted_recent_perf",
      "joc_weighted_consistency",
      "joc_weighted_pct_top3",
      "joc_weighted_nb_courses",
      "joc_weighted_total_races",
      "joc_weighted_trend",
      "joc_bytype_avg_pos",
      "joc_bytype_recent_perf",
      "joc_bytype_consistency",
      "joc_bytype_trend",
      "joc_bytype_pct_top3",
      "joc_bytype_nb_courses",
      "che_bytype_total_races",
      "joc_bytype_total_races",
      "age",
      "dist",
      "temperature",
      "forceVent",
      "victoirescheval",
      "placescheval",
      "coursescheval",
      "ratio_victoires",
      "ratio_places",
      "gains_par_course",
      "pourcVictChevalHippo",
      "pourcPlaceChevalHippo",
      "pourcVictJockHippo",
      "pourcPlaceJockHippo",
      "efficacite_couple",
      "regularite_couple",
      "progression_couple",
      "perf_cheval_hippo",
      "perf_jockey_hippo",
      "numero",
      "recence_log",
      "cotedirect_log"
    ]
  }
}